{
  "overview": [
    {
      "id": "o-001",
      "network": "Facebook",
      "user": "@nathanf",
      "audienceType": "followers",
      "audience": 1987,
      "today": 12,
      "isUp": true
    },
    {
      "id": "o-002",
      "network": "Twitter",
      "user": "@nathanf",
      "audienceType": "followers",
      "audience": 1044,
      "today": 99,
      "isUp": true
    },
    {
      "id": "o-003",
      "network": "Instagram",
      "user": "@realnathanf",
      "audienceType": "followers",
      "audience": 11000,
      "today": 1099,
      "isUp": true
    },
    {
      "id": "o-004",
      "network": "YouTube",
      "user": "Nathan F.",
      "audienceType": "subscribers",
      "audience": 8239,
      "today": 144,
      "isUp": false
    }
  ],
  "overview-today": [
    {
      "id": "ot-001",
      "network": "Facebook",
      "statsType": "Page Views",
      "stats": 87,
      "porcentage": 3,
      "isUp": true
    },
    {
      "id": "ot-002",
      "network": "Facebook",
      "statsType": "Likes",
      "stats": 52,
      "porcentage": 2,
      "isUp": false
    },
    {
      "id": "ot-003",
      "network": "Instagram",
      "statsType": "Likes",
      "stats": 5462,
      "porcentage": 2257,
      "isUp": true
    },
    {
      "id": "ot-004",
      "network": "Instagram",
      "statsType": "Profile Views",
      "stats": 52000,
      "porcentage": 1357,
      "isUp": true
    },
    {
      "id": "ot-005",
      "network": "Twitter",
      "statsType": "Retweets",
      "stats": 117,
      "porcentage": 303,
      "isUp": true
    },
    {
      "id": "ot-006",
      "network": "Twitter",
      "statsType": "Likes",
      "stats": 507,
      "porcentage": 553,
      "isUp": true
    },
    {
      "id": "ot-007",
      "network": "YouTube",
      "statsType": "Likes",
      "stats": 107,
      "porcentage": 19,
      "isUp": false
    },
    {
      "id": "ot-008",
      "network": "YouTube",
      "statsType": "Total Views",
      "stats": 1407,
      "porcentage": 12,
      "isUp": false
    }
  ]
}